0.6,-1.4,2.0
0.6371223698628924,-1.3907225538842256,2.278407281811452
0.6742444478576926,-1.3814445241989366,2.556814563622904
0.7113662359164613,-1.3721659148433998,2.8352218454343565
0.7484877359716017,-1.3628867297170044,3.1136291272458085
0.7856089499560005,-1.3536069727192603,3.3920364090572606
0.822729879802926,-1.3443266477497977,3.670443690868713
0.8598505274461047,-1.3350457587083666,3.948850972680165
0.8969708948196444,-1.3257643094948346,4.227258254491617
0.9340909838580606,-1.3164823040091878,4.505665536303069
0.971210796496326,-1.307199746151529,4.784072818114521
1.007371183817664,-1.2955784296510426,5.044222330075195
1.0402163909848752,-1.275875938394791,5.241274174850763
1.0730610950461963,-1.256173028000624,5.438326019626331
1.1059053037704758,-1.2364697049495057,5.6353778644018995
1.1387490249268164,-1.216765975722147,5.832429709177466
1.1715922662844227,-1.1970618467990057,6.029481553953035
1.2044350356127027,-1.1773573246602949,6.226533398728603
1.2372773406812425,-1.1576524157859827,6.423585243504172
1.2701191892598067,-1.1379471266557997,6.620637088279739
1.3029605891183376,-1.1182414637492404,6.817688933055307
1.3358015480269045,-1.098535433545569,7.014740777830875
1.3686420737557559,-1.0788290425238227,7.211792622606444
1.4014821740753167,-1.0591222971628154,7.408844467382011
1.4343218567561662,-1.0394152039411415,7.605896312157579
1.4671611295690354,-1.0197077693371819,7.802948156933148
1.500000000284757,-0.9999999998291045,8.000000001708715
0.6082052217859956,-1.4246171128017753,2.3282271555792473
0.644975419048169,-1.4155969551014318,2.643608440256135
0.6817242053242759,-1.4065765140370938,2.9606176756929727
0.7184504121951382,-1.3975548284872878,3.2793069146525005
0.7551528681086295,-1.3885308366407076,3.5997245329378176
0.7918304079125867,-1.3795033675722912,3.921914172232138
0.8284818851340661,-1.3704711360810893,4.245913599426296
0.8651061860129177,-1.3614327371431731,4.571753416779382
0.9017022462100021,-1.3523866437594396,4.89945569928646
0.938269069689457,-1.343331206943797,5.229032548865932
0.9748057496834376,-1.3342646582382938,5.560484587430229
1.01052257634917,-1.3230477502021432,5.870487827903542
1.0435003450434504,-1.304438836639672,6.1006490620394365
1.0764774072731285,-1.2858300281929753,6.330817445359605
1.1091801950465199,-1.2671154385068082,6.624395094145197
1.141764554066323,-1.248351139617452,6.945091128934926
1.174368855889858,-1.2298640048874538,7.277145348381388
1.2070420471287056,-1.2124247295880772,7.65409992906704
1.2396853684029876,-1.1949717601790277,8.037888759420346
1.2723009764454853,-1.1775015271796945,8.42773999421166
1.3048910150783959,-1.1600119857287516,8.822976544661053
1.337457539446769,-1.1425020912683748,9.223004284832538
1.370002478798996,-1.1249714639779482,9.627301581890531
1.402527620990917,-1.1074201680407412,10.035410079540421
1.4350346092866413,-1.0898485628299233,10.446926605547791
1.4675249460581437,-1.072257201390857,10.86149612636852
1.500000000179468,-1.0546467590105895,11.278805547817012
0.6164106189213514,-1.449234196398107,2.656454311158495
0.6528286367366627,-1.4404713297356642,3.0088095987008177
0.689204123912645,-1.4317084799129798,3.3644207877630414
0.7255347416452319,-1.4229437207742166,3.7233919838706444
0.7618181448649698,-1.4141749247813156,4.085819938629827
0.7980520013031198,-1.4053997461659624,4.451791935407015
0.8342340160512907,-1.396615610605137,4.821383507983879
0.87036195962907,-1.3878197041267732,5.194655860878599
0.9064337014015275,-1.3790089688052483,5.571653144081304
0.9424472473448411,-1.3701801027376712,5.952399561428796
0.9784007819766183,-1.361329565074134,6.336896356745936
1.013674038670595,-1.3505170667520416,6.696753325731889
1.046784373658909,-1.3330017306007211,6.96002394922811
1.0798937988837032,-1.315487023815311,7.22330887109288
1.1124551638122244,-1.2977611679257022,7.613412323888495
1.1447801556564483,-1.2799363000558195,8.057752548692388
1.1771455137492588,-1.2626661600884652,8.52480914280974
1.2096491261840159,-1.2474921320064187,9.081666459405477
1.2420934615592003,-1.2322911024618843,9.652192275336521
1.2744828255496938,-1.2170559259965992,10.23484290014358
1.306821498033358,-1.2017825063917726,10.8282641562668
1.339113581552589,-1.1864687480370097,11.4312677918342
1.3713629268708918,-1.1711138847980076,12.042810541174621
1.4035731019778146,-1.1557180385500487,12.661975691698832
1.435747385687917,-1.140281921550085,13.287956898938003
1.4678887750381298,-1.1248066334013072,13.920044095803892
1.5000000000741536,-1.1092935181920744,14.55761109392531
0.6246161944410425,-1.473851250283477,2.9846814667377424
0.6606820258939737,-1.4653456773190359,3.3740107571455002
0.6966842065062144,-1.4568404213977428,3.76822389983311
0.732619227053748,-1.448332591315569,4.167477053088788
0.7684835689156725,-1.4398189937913746,4.571915344321836
0.8042737326739519,-1.4312961081945634,4.981669698581893
0.8399862749540865,-1.4227600710581259,5.396853416541462
0.87561785052782,-1.4142066594368785,5.8175583049778155
0.9111652624407168,-1.4056312844505063,6.243850588876148
0.9466255186622172,-1.397028991247874,6.675766573991659
0.9819958949829132,-1.3883944665523793,7.113308126061643
1.0168255722330353,-1.3779863792175429,7.523018823560236
1.050068478466133,-1.3615646201840033,7.819398836416783
1.0833102717113954,-1.3451440147620792,8.115800296826155
1.1157302119442434,-1.328406893105963,8.602429553631792
1.1477958315327281,-1.311521456949669,9.170413968449848
1.1799222416853885,-1.2954683123249295,9.772472937238094
1.212256274734548,-1.2825595318426468,10.509232989743914
1.2445016221959693,-1.269610442568571,11.266495791252694
1.2766647386549064,-1.2566103230491048,12.041945806075502
1.308752040037913,-1.2435530256908436,12.833551767872546
1.340769676297047,-1.2304354038147134,13.639531298835863
1.3727234197382288,-1.2172563049579643,14.45831950045871
1.404618618523492,-1.204015908674644,15.28854130385724
1.4364601870657834,-1.1907152800938166,16.128987192328214
1.4682526171217214,-1.1773560653664121,16.97859206523927
1.4999999999688645,-1.1639402773735594,17.836416640033605
0.6328219513801581,-1.4984682739523243,3.3129086223169897
0.6685355894860328,-1.490219997383619,3.7392119155901833
0.7041644559886787,-1.4819723380624938,4.172027011903179
0.7397038712079722,-1.4737214397226932,4.611562122306932
0.7751491429360677,-1.4654630433233995,5.058010750013844
0.8104956045716386,-1.4571924533523581,5.51154746175677
0.8457386642421948,-1.4489045171762185,5.972323325099044
0.8808738609426804,-1.44059360285118,6.440460749077031
0.9158969313741934,-1.4322535905134446,6.916048033670991
0.9508038854797425,-1.4238778723314565,7.399133586554523
0.9855910903094185,-1.415459362566349,7.88971989537735
1.0199771784877398,-1.4054556875154434,8.349284321388582
1.0533526611001303,-1.390127505295574,8.678773723605456
1.0867268275898587,-1.3748010009277194,9.008291722559429
1.1190053413193846,-1.3590526139473567,9.59144678337509
1.1508115835308006,-1.3431066102114104,10.283075388207308
1.1826990415212135,-1.328270461519729,11.020136731666446
1.2148634947363428,-1.317626929024082,11.936799520082351
1.2469098523594855,-1.3069297804330986,12.88079930716887
1.2788467178436993,-1.296164718279796,13.849048712007422
1.3106826431469791,-1.285323543578499,14.83883937947829
1.3424258256331814,-1.2744020585647216,15.847794805837525
1.3740811032813336,-1.2634312111317836,16.863458609907543
1.4056360185413463,-1.2527283191218812,17.787830183135146
1.4371347605177247,-1.2419858515401643,18.721784397507264
1.4685868957832948,-1.2312060263297808,19.663548290758236
1.4999999999072127,-1.2203912052793238,20.611736154731
0.6410278927741683,-1.5230852668990438,3.6411357778962374
0.6763893304789488,-1.515094289461445,4.104413074034866
0.7116448752439358,-1.507104229478305,4.5758301239732475
0.7467886768953933,-1.499110265606905,5.055647191525076
0.7818148696017398,-1.4911070730298743,5.544106155705854
0.8167176195430154,-1.4830887813335811,6.041425224931647
0.851491186315535,-1.4750489486955538,6.547793233656627
0.8861299931072402,-1.466980534147351,7.063363193176249
0.920628710248784,-1.4588758868122762,7.588245478465835
0.9547365070514734,-1.450778347990879,8.10830246040713
0.9887479955121615,-1.442653135346977,8.620425310485691
1.0227061082774045,-1.4331059670909767,9.102153818832111
1.05640530363844,-1.4187978133189096,9.4935379024504
1.0900829711525277,-1.4044883282631229,9.88789711525049
1.1222528798170004,-1.3897245635858682,10.568313002273275
1.1538109161840742,-1.3747549277703814,11.364639100975069
1.1854962182627453,-1.3612506549419734,12.180422020296628
1.2174651119177673,-1.3532824840612172,13.107461587595447
1.2492389826040373,-1.3453084835668547,14.071810256956951
1.2808635565270456,-1.3373102046846654,15.064121411580949
1.31237189667847,-1.3292789705766705,16.077776632651265
1.3437883398970336,-1.3212113147620848,17.1079918697279
1.375131108261883,-1.3131065695914956,18.151242966803395
1.4064140639369427,-1.3049655564252922,19.204888922931115
1.4376479074648145,-1.296789860007215,20.266919690420018
1.468841009842603,-1.28858142064111,21.33578392572502
1.4999999999302907,-1.2803423046540887,22.41026913708057
0.6492340216587473,-1.5477022286179851,3.9693629334754847
0.6838574747483114,-1.5400055033284508,4.484393110852933
0.7177591055371398,-1.5323690396303522,5.0253767169371
0.7517006039831953,-1.5247159267041441,5.560234968912001
0.7856780895274094,-1.517042197513134,6.089413136508605
0.8196880387714326,-1.5093441375281553,6.6133124693025325
0.8537272415989815,-1.501618236426552,7.132295142743805
0.8877927632192777,-1.4938611507725295,7.64668865549836
0.9218819112926814,-1.4860696739005381,8.156789696739589
0.9559922075816193,-1.4782407150307224,8.6628676167332
0.9901213634877423,-1.4703712841220686,9.165167498393483
1.02420473592521,-1.4612829477425584,9.64141508597999
1.0580661419041841,-1.4481136806963149,10.040224593560277
1.0919090632573138,-1.434943187083352,10.441584215009632
1.1244595693657287,-1.4213832266567379,11.088135268247527
1.1564855728311023,-1.4076467213141988,11.83403793377984
1.1884557311374626,-1.3956537333501535,12.642409395305272
1.2200544047900952,-1.390223116278331,13.716809973246646
1.251485958300889,-1.3847874423733282,14.823189780807743
1.2827895859572092,-1.3793308979549803,15.953537432495573
1.3139936278349371,-1.3738460453036427,17.10217999813897
1.3451189444251554,-1.3683299127271362,18.265016863049738
1.3761811549775436,-1.3627819276103461,19.439027323699246
1.4071921416511983,-1.3572027934881385,20.621947662727088
1.4381610766343889,-1.3515938683702786,21.81205498333277
1.4690951353500252,-1.3459568149270993,23.008019560691807
1.4999999999533689,-1.3402934040288537,24.208802119430135
0.6500000000000105,-1.573024664705862,4.613991058822989
0.6840207596314677,-1.5656163867962636,5.144221270595327
0.7180782784138123,-1.5581976968054179,5.6689346197647055
0.7521689827908131,-1.5507650285020584,6.188543504702045
0.7862896390669283,-1.5433150765861887,6.703418987956679
0.8204373111819817,-1.535844746005948,7.213895444090673
0.8546093241370233,-1.5283511116014599,7.720274679720296
0.8888032323945765,-1.5208313879921458,8.22282961994341
0.9230167924357188,-1.5132829029742656,8.721807497621283
0.957247939175683,-1.5057030813608407,9.217432773059272
0.9914947655718968,-1.4980894320527065,9.709909686301277
1.0257034011746526,-1.4894599273948328,10.180676353127868
1.0597270231350235,-1.477429546857427,10.586911284670151
1.093735203991102,-1.4653980444465637,10.995271314768775
1.1266663194241027,-1.453041887620037,11.607957534221777
1.1591603049399708,-1.4405385117916643,12.303436766584612
1.191415330603061,-1.4300568080360132,13.104396770313915
1.222643778692626,-1.4271637456572337,14.326158358897844
1.2537330088532659,-1.4242663990507811,15.574569304658539
1.2847156834127453,-1.421351589667191,16.842953453410196
1.3156154194986072,-1.4184131189303424,18.126583363626672
1.3464496012299936,-1.415448509954461,19.422041856371575
1.3772312450095345,-1.4124572851716317,20.726811680595098
1.4079702529796678,-1.409440030300777,22.039006402523057
1.4386742689669252,-1.406397876624955,23.35719027624553
1.4693492728160533,-1.4033322091866194,24.68025519565859
1.4999999999764468,-1.4002445034036188,26.007335101779702
0.6500000000000105,-1.5984197317085849,5.291192845562266
0.6841840485044136,-1.5912272702513666,5.804049430337723
0.7183974591184151,-1.5840263539321526,6.3124925225923105
0.7526373731285014,-1.5768141301963885,6.816852040492088
0.7869012037172879,-1.5695879554835026,7.317424839404755
0.82118660217641,-1.5623453542212073,7.814478418878813
0.8554914286370495,-1.5550839864142905,8.308254216696785
0.8898137268268381,-1.5478016247389508,8.798970584388458
0.9241517020588675,-1.5404961314545427,9.286825298502979
0.9585037024117365,-1.5331654469680254,9.771997929385343
0.9928682024087508,-1.5258075791229437,10.254651874209069
1.0272021047520947,-1.5176369060284967,10.719937620275749
1.0613879482022524,-1.5067454117775796,11.133597975780027
1.0955613943877756,-1.4958529003217809,11.548958414527917
1.128873131342204,-1.484700546428744,12.127779800196029
1.1618351142769308,-1.4734302991310084,12.772835599389385
1.194375018797535,-1.4644598789076453,13.566384145322559
1.2252332357819538,-1.4641043721223859,14.935506744549043
1.255980136398653,-1.463745353538418,16.325948828509333
1.286641850969386,-1.4633722797737532,17.73236947432482
1.3172372736355211,-1.4629801914210199,19.15098672911438
1.3477803121145155,-1.4625671064186145,20.57906684969341
1.3782813799393296,-1.4621326422586471,22.014596037490954
1.4087483992182364,-1.4616772668535614,23.456065142319027
1.4391874854031044,-1.4612018847668413,24.902325569158286
1.4696034227512296,-1.4607076034185404,26.352490830625374
1.499999999999525,-1.4601956027783838,27.80586808412927
0.6500000000000105,-1.6238147987113078,5.968394632301543
0.6843473414326176,-1.616838153693552,6.463877590080117
0.7187166477809946,-1.6098550110097531,6.956050425419915
0.753105775190325,-1.6028632317853906,7.445160576282131
0.7875127837362658,-1.5958608342020775,7.931430690852831
0.8219359120760554,-1.588845962169395,8.415061393666953
0.8563735554839075,-1.5818168608586982,8.896233753673274
0.8908242469648008,-1.5747718610045418,9.375111548833509
0.9252866406752913,-1.5677093593306768,9.851843099384675
0.9597594978680559,-1.560627811839065,10.326563085711413
0.9942416746425833,-1.5535257253168304,10.79939406211686
1.0287008473839492,-1.5458138836242439,11.259198887423628
1.063048917977266,-1.536061275432104,11.680284666889904
1.0973876354812693,-1.5263077546780242,12.102645514287058
1.1310800064701658,-1.5163592030358315,12.64760206617028
1.1645100026083859,-1.5063220832604542,13.242234432194158
1.1973347978591076,-1.4988629458731335,14.028371520331202
1.227822778214978,-1.5010449955982386,15.544855130200242
1.2582273430749173,-1.5032243057754355,17.077328352360126
1.2885680907031174,-1.505392968227117,18.621785495239443
1.3188591922118977,-1.5075472627399198,20.17539009460208
1.3491110788821212,-1.5096857020941485,21.73609184301525
1.3793315613486568,-1.5118079988546844,23.3023803943868
1.4095265816629163,-1.5139145031368448,24.873123882115
1.4397007268838107,-1.5160058927915352,26.44746086207104
1.4698575856662242,-1.5180829976217314,28.024726465592156
1.500000000022603,-1.5201467021531487,29.604401066478836
0.6500000000000105,-1.6492098657140308,6.645596419040818
0.6845106384814464,-1.6424490371226115,7.123705749822512
0.7190358445315467,-1.6356836680374176,7.59960832824752
0.7535741891703739,-1.6289123332673217,8.073469112072175
0.7881243793816397,-1.6221337127389157,8.545436542300905
0.8226852412022048,-1.615346569845971,9.015644368455094
0.8572557050625713,-1.6085497349283375,9.484213290649764
0.8918347932573296,-1.6017420967805178,9.951252513278558
0.926421608798128,-1.5949225865919745,10.41686090026637
0.9610153261228658,-1.5880901759607489,10.881128242037486
0.9956151829175962,-1.5812438706184162,11.344136250024654
1.030199629796706,-1.5739908601627677,11.798460154571506
1.064709933331613,-1.5653771377963286,12.226971357999778
1.0992139283057218,-1.5567626074843093,12.6563326140462
1.1332869461583244,-1.5480178573942671,13.167424332144531
1.1671849717009688,-1.5392138641082151,13.71163326499893
1.200294669926282,-1.5332660088405483,14.490358895339845
1.2304124081489036,-1.5379856160092322,16.154203515851442
1.2604746310201298,-1.542703255701022,17.82870787621092
1.290494404690282,-1.5474136549797237,19.511201516154067
1.320481177194414,-1.5521143328512803,21.199793460089786
1.350441903336414,-1.5568042969556104,22.893116836337086
1.3803817908194729,-1.5614833549430318,24.590164751282657
1.4103048016100252,-1.566151739140978,26.290182621910972
1.4402139943501069,-1.5708099006946337,27.992596154983794
1.4701117620718596,-1.5754583917950624,29.69696210055894
1.5000000000456812,-1.5800978015279137,31.402934048828406
0.6500000000000105,-1.6746049327167536,7.322798205780095
0.6846739397163178,-1.6680599205383362,7.783533909564907
0.7193550495001432,-1.661512325014342,8.243166231075126
0.7540426152627383,-1.6549614346404375,8.701777647862219
0.7887359909112125,-1.6484065910910186,9.159442393748982
0.8234345898762467,-1.6418471772463958,9.616227343243235
0.8581378777579901,-1.635282608616861,10.072192827626255
0.8928453661532646,-1.6287123320584758,10.527393477723608
0.9275566069406682,-1.6221358132277413,10.981878701148066
0.9622711877544928,-1.6155525393198629,11.435693398363558
0.9969887278781955,-1.6089620150117483,11.888878437932446
1.0316984527169308,-1.6021678356247588,12.337721421719385
1.066370995136867,-1.5946929988455798,12.773658049109654
1.1010402738953473,-1.58721745870965,13.210019713805343
1.1354939517571683,-1.5796765094570127,13.687246598118783
1.1698600233214906,-1.5721056416024966,14.181032097803701
1.2032546371377906,-1.5676690677179497,14.952346270348489
1.2330021277411647,-1.574926233279798,16.763551901502638
1.262722002372717,-1.5821822032543569,18.580087400061714
1.2924207950075275,-1.5894343399840094,20.400617537068687
1.3221032305499505,-1.5966814017193356,22.22419682557749
1.3517727872813279,-1.6039228909775431,24.050141829658926
1.381432069934142,-1.6111587105069756,25.87794910817851
1.4110830603561102,-1.6183889748563105,27.70724136170694
1.4407272887431823,-1.6256139084717323,29.53773144789655
1.470365952478958,-1.632833785937402,31.369197735525724
1.5000000000687594,-1.6400489009026789,33.20146703117797
0.6500000000000105,-1.6999999997194766,7.999999992519372
0.6848372452026494,-1.6936708039405182,8.443362069307302
0.7196742628168306,-1.6873409819397245,8.886724133902728
0.7545110536615849,-1.681010535902994,9.330086183652263
0.7893476185828128,-1.6746794692553881,9.773448245197057
0.8241839584195699,-1.6683477843661296,10.216810318031374
0.8590200739551634,-1.6620154819179211,10.660172364602744
0.8938559661014965,-1.6556825668300126,11.103534442168657
0.9286916356161516,-1.6493490392272814,11.54689650202976
0.9635270833413654,-1.6430149019031923,11.990258554689627
0.9983623101687361,-1.6366801584808723,12.43362062584024
1.0331973168712405,-1.630344809990905,12.876982688867265
1.068032104264729,-1.6240088585551806,13.320344740219529
1.102866673284437,-1.6176723083230549,13.763706813564486
1.1377010246173394,-1.6113351591770249,14.207068864093035
1.1725351592370419,-1.6049974156714946,14.650430930608474
1.2062147016326707,-1.6020721224133858,15.414333645357132
1.2355919391495764,-1.6118668473343567,17.37290028715384
1.2649694592714622,-1.6216611483746104,19.331466923912508
1.294347263731807,-1.6314550231924005,21.29003355798331
1.3237253542457692,-1.6412484693083125,23.248600191065194
1.3531037325211286,-1.6510414841344843,25.20716682298076
1.3824824002752067,-1.6608340655297977,27.16573346507436
1.4118613591979976,-1.6706262102731892,29.12430010150291
1.4412406110044818,-1.680417916118425,31.082866740809305
1.4706201573985458,-1.6902091800476196,33.04143337049251
1.5000000000918374,-1.7000000002774436,35.00000001352754
-0.7,1.4,2.0
-0.7327633237369967,1.3890811130218872,2.3276211181660305
-0.765526344663629,1.3781617720143162,2.655242236332061
-0.798289065151453,1.3672419805518696,2.982863354498091
-0.8310514875723737,1.3563217422091445,3.3104844726641214
-0.8638136142986014,1.3454010605607543,3.638105590830152
-0.896575447702601,1.3344799391813302,3.965726708996182
-0.9293369901572188,1.323558381645518,4.293347827162212
-0.9620982440355049,1.31263639152798,4.620968945328243
-0.9948592117108657,1.3017139724033941,4.948590063494273
-1.0250301177963757,1.2849856504594588,5.150165126684663
-1.0547185965055397,1.2671764306258808,5.328279806373667
-1.0844066669643024,1.2493668706817556,5.5063944860626695
-1.114094334910105,1.2315569754132798,5.684509165751673
-1.1437816060805404,1.2137467496064813,5.862623845440676
-1.1734684862133293,1.1959361980472203,6.0407385251296795
-1.2031549810462439,1.178125325521192,6.218853204818682
-1.2328410963172585,1.1603141368139316,6.396967884507686
-1.2625268377643994,1.1425026367108126,6.5750825641966895
-1.2922122111258454,1.1246908299970522,6.753197243885692
-1.321897222139851,1.106878721457713,6.931311923574696
-1.3515818765448244,1.0890663158777045,7.109426603263699
-1.3812661800792494,1.0712536180417869,7.287541282952702
-1.4109501384816863,1.053440632734572,7.465655962641705
-1.4406337574908732,1.035627364740527,7.6437706423307095
-1.4703170428455998,1.0178138188439765,7.821885322019712
-1.500000000284757,0.9999999998291043,8.000000001708715
-0.6924259553073623,1.4227234897705376,2.302978912842382
-0.7252271857411239,1.4121373118161855,2.6548317613149433
-0.7580328702384954,1.401551472328344,3.00736498794742
-0.7908431255419401,1.3909657750015827,3.3605823646466413
-0.8236580615680182,1.380380030393321,3.7144871515883335
-0.8564777819889452,1.3697940545533824,4.069082095417769
-0.8893023846329597,1.3592076680935976,4.4243694287029
-0.9221319617216697,1.3486206957014515,4.780350873322404
-0.9549666002925316,1.338032964929351,5.137027626726523
-0.9878063821082426,1.3274443066835997,5.494400377924515
-1.018641262681078,1.311588844470979,5.737953402216173
-1.049094474954359,1.2947334692465682,5.959542418572736
-1.0795380831926638,1.2778590457400525,6.180410030631872
-1.1099714639466916,1.2609678705139595,6.400605102964805
-1.1400590264280273,1.2439552354766814,6.671865036022754
-1.170013086396973,1.2268875539020927,6.966545667069482
-1.1999499628363457,1.2100740065614077,7.271968237313585
-1.2298136012022096,1.1942339559081332,7.61618483114124
-1.2597130084810462,1.178374485413921,7.968997507833162
-1.2896467690884477,1.1624905100236007,8.329718250842681
-1.3196132400508287,1.1465785957030148,8.697696805195642
-1.3496106643307282,1.1306364824770698,9.072322599327345
-1.3796372439704827,1.1146627669785885,9.453025409829667
-1.4096911880867202,1.0986566848409665,9.839275239700514
-1.4397707447126995,1.082617953896784,10.230581492349916
-1.469874221713638,1.0665466589851693,10.626491697691913
-1.5000000001875595,1.050443162150475,11.026589736577915
-0.6848517614035236,1.445446954689096,2.6059578256847646
-0.7176908982283677,1.4351934861895603,2.982042404463856
-0.7505392461234563,1.4249411486780217,3.359487739562779
-0.7833970362074085,1.414689545968582,3.7383013747951916
-0.8162644859462486,1.4044382956009065,4.118489830512545
-0.8491418003168025,1.3941870260993294,4.500058600005386
-0.8820291726073578,1.383935375112062,4.88301214840962
-0.9149267848922276,1.3736829884385,5.267353919482597
-0.9478348088770658,1.363429517607756,5.653086308124802
-0.9807534057171432,1.3531746208566129,6.040210692354757
-1.0122522717282845,1.3381920221799313,6.3257416777476845
-1.043470231130061,1.3222904953961172,6.590805030771806
-1.0746693914088536,1.3063512115745766,6.854425575201076
-1.1058484998142213,1.2903787590874258,7.1167010401779365
-1.136336361537056,1.274163716097345,7.481106226604832
-1.1665576066268408,1.2578389052959522,7.892352809009284
-1.196744869125957,1.24202268381625,8.325083269808488
-1.2267860313598251,1.2281537716688697,8.835401777774793
-1.2568991067230042,1.2142463312756955,9.362912451469635
-1.2870812583616027,1.2002901877201217,9.906239257799669
-1.3173291946136043,1.1862784681267704,10.464081686816588
-1.3476393956638473,1.172206647738472,11.03521859539099
-1.3780082598359,1.1580719150146295,11.618509536706634
-1.4084321995845106,1.1438727364170378,12.212894516759324
-1.4389077051831092,1.1296085428074711,12.817392342369121
-1.4694313865576947,1.115279499062667,13.431098073364112
-1.5000000000903617,1.1008863244718459,14.053179471447113
-0.6772774159014465,1.4681703943580757,2.9089367385271467
-0.7101544587536451,1.4582496357426264,3.309253047612769
-0.7430454698165349,1.4483308006627673,3.711610491178138
-0.775950794590285,1.4384132930517104,4.1160203849437424
-0.8088707580954477,1.4284965374308127,4.522492509436757
-0.84180566661837,1.4185799747982435,4.931035104593003
-0.8747558089118153,1.408663059837801,5.341654868116338
-0.9077214569071786,1.3987452594598797,5.754356965642788
-0.9407028669821283,1.388826049169274,6.169144989523082
-0.9737002796882487,1.3789049145321135,6.586021006784999
-1.0058631421789277,1.3647951832551708,6.913529953279195
-1.0378458624266271,1.3498475088087203,7.222067642970876
-1.0698005892012739,1.3348433679793852,7.52844111977028
-1.1017254403367114,1.3197896409812337,7.832796977391068
-1.1326136093349735,1.3043721913408255,8.290347417186911
-1.1631020448833822,1.2887902521161172,8.818159950949086
-1.1935396979192416,1.2739713571856524,9.378198302303392
-1.2237583846651123,1.2620735840013453,10.054618724408348
-1.254085130281391,1.2501181742095389,10.756827395106107
-1.284515676709228,1.2380898630107646,11.482760264756658
-1.3150450836322471,1.2259783386658398,12.230466568437533
-1.3456680684662616,1.2137768116126642,12.998114591454637
-1.3763792258031726,1.2014810621147927,13.7839936635836
-1.4071731714050342,1.189088787440937,14.586513793818131
-1.4380446377398006,1.1765991314619197,15.404203192388326
-1.4689885367363409,1.164012339073557,16.235704449036312
-1.499999999993164,1.1513294867932167,17.07976920631631
-0.6697029164139596,1.4908938083798453,3.2119156513695293
-0.7026178648716948,1.4813057600759656,3.6364636907616816
-0.735551538815525,1.4717204278819678,4.063733242793497
-0.7685043981326913,1.4621370158497773,4.493739395092293
-0.8014768754037694,1.4525547554819174,4.926495188360969
-0.8344693782295639,1.4429729002497413,5.36201160918062
-0.8674822908321994,1.4333907218718596,5.8002975878230565
-0.9005159750045293,1.4238075083687727,6.24136001180298
-0.933570771800536,1.4142225592199518,6.6852036709213625
-0.966647001172011,1.404635187319751,7.13183132121524
-0.9994738712736347,1.391398327365525,7.501318228810705
-1.0322213662377322,1.3774045092185456,7.853330255169945
-1.0649316741581225,1.3633355147485176,8.202456664339483
-1.097602283337975,1.349200516042925,8.548892914604199
-1.1288907677489484,1.3345806610794635,9.099588607768988
-1.159646399146767,1.3197415942498927,9.743967092888889
-1.1903344472201345,1.3059200265695394,10.431313334798293
-1.2207306589927742,1.295993392810756,11.273835671041901
-1.2512710769471456,1.2859900141288443,12.15074233874258
-1.2819500218950122,1.2758895358196707,13.059281271713647
-1.3127609049106985,1.2656782072570738,13.996851450058479
-1.3436966806598736,1.255346974050393,14.961010587518283
-1.3747501399997932,1.2448902082439577,15.949477790460566
-1.40591410197814,1.234304837890814,16.960133070876942
-1.4371815412203446,1.2235897198494574,17.991014042407535
-1.468545671608046,1.2127451790149253,19.040310824708513
-1.4999999999001137,1.2019447131640113,20.05834139093113
-0.6621282605536367,1.5136171963567426,3.5148945642119114
-0.6950811141370516,1.5043618587901284,3.9636743339105944
-0.7280574506179665,1.4951100299349767,4.415855994408856
-0.7610578442766474,1.4858607139615594,4.871458405240843
-0.7940828352591642,1.4766129493530662,5.330497867285182
-0.8271329324861482,1.4673658020534053,5.792988113768237
-0.8602086156540721,1.4581183608152484,6.258940307529775
-0.8933103364220567,1.4488697347683286,6.728363057963173
-0.9264385205248516,1.4396190473658008,7.201262352319642
-0.9595935673186022,1.4303654388291391,7.677641635645482
-0.9930844562528546,1.418001454179793,8.089106504342215
-1.0265967399568992,1.4049614963597377,8.484592867369015
-1.0600626438673433,1.3918276516759933,8.876472208908687
-1.0934790266416992,1.3786113841200263,9.264988851817332
-1.1251678347059717,1.364789125185588,9.908829798351066
-1.1561906673970883,1.3506929315845744,10.66977423482869
-1.1871291150324428,1.337868691867826,11.484428367293196
-1.217702852217335,1.3299131980022878,12.493052617675456
-1.2484569445109022,1.3218618509469957,13.544657282379053
-1.2797889430509746,1.3138644494421532,14.567865207183369
-1.311524299091643,1.3059853505070256,15.542357547964487
-1.3431338993398396,1.2980359842790894,16.53890795273577
-1.3746430371855483,1.2900163433875387,17.55265177201478
-1.4060709326681153,1.2819283075591317,18.579949003190656
-1.4374324069082431,1.27377471975138,19.618034572442102
-1.4687390422346989,1.2655588674393567,20.66477966790727
-1.4999999999214106,1.2572841895099482,21.71852568233073
-0.6545534459329244,1.536340557891072,3.8178734770542935
-0.6875442041040984,1.5274179314856315,4.290884977059507
-0.7205632027213222,1.5184996064211143,4.767978746024215
-0.7536111304639181,1.5095843869858003,5.2491774153893935
-0.7866886350493535,1.5006711186430706,5.734500546209393
-0.8197963267236067,1.4917586798087847,6.223964618355854
-0.8531084526482448,1.4828644893254765,6.719813531998167
-0.8870499535806543,1.4740345391777434,7.223150558226097
-0.9210117677982116,1.4652041136075158,7.7235661077399635
-0.9549922821304522,1.456372243522924,8.221263572394847
-0.9888557969239196,1.444828873709559,8.66318489263272
-1.0226835553328226,1.432681924546093,9.094038339077779
-1.0564982127287843,1.420437794467195,9.524120516246853
-1.090299907194899,1.408106345749459,9.953674782421714
-1.1226299418688739,1.395134212008895,10.6571372087325
-1.1543916300383552,1.3818963785908696,11.466554752202082
-1.1862720649574292,1.3702696390935307,12.301534921881986
-1.218267991463337,1.3647370377267876,13.296408370130964
-1.2500281916647618,1.3591748925342388,14.335721360568012
-1.2816085123544787,1.3535632762178824,15.40813625103336
-1.3130492358277128,1.3478932439059725,16.505637878352076
-1.344379960731202,1.3421616741283842,17.622440311516392
-1.3756228191377187,1.3363685601176452,18.754286983647226
-1.4067946289056656,1.3305155461954312,19.897992890479685
-1.4379083588199348,1.3246051196416628,21.051138593488
-1.4689741437033628,1.3186401565993373,22.211861380730422
-1.4999999999427076,1.312623665855885,23.37870997373033
-0.6500000000000105,1.559350397858242,4.249343942886457
-0.6839266438171259,1.5508545990578608,4.763904705132284
-0.7178826471516622,1.5423665613904498,5.274479257968787
-0.7518654569646922,1.533884373202029,5.781379376573043
-0.7858727797523577,1.5254063856657485,6.284886972567506
-0.8199025510227977,1.5169311712219444,6.785257323078347
-0.8539529086896136,1.5084574892776859,7.282721936655965
-0.8880221699030288,1.4999842587462886,7.777491113075035
-0.9221088107642604,1.4915105332411887,8.26975616406708
-0.9562114486678939,1.4830354825084298,8.759691427008388
-0.9902137669598383,1.4722362026625648,9.201818568805228
-1.0241854043490526,1.4609194827168648,9.634458960476278
-1.0581457802995544,1.4495193787658869,10.066438262528665
-1.0920950132998302,1.4380443447830686,10.49796507258497
-1.1247827740822374,1.4260200678601387,11.164270302355435
-1.1569833412598367,1.4137679643180676,11.921394206260139
-1.1891207615044406,1.4033842903812632,12.746220453807007
-1.2207426081170254,1.4000413044039046,13.878764358277088
-1.2521624449683761,1.3966729351550997,15.049399298188655
-1.2834281412375579,1.393262101628956,16.248407294883354
-1.3145742250536725,1.3898011363504357,17.468918208739662
-1.3456260670910019,1.3862873633430857,18.70597267029702
-1.3766026380725391,1.3827207764570915,19.955922195279676
-1.4075183536514182,1.3791027846195292,21.21603677776872
-1.4383843302590364,1.3754355194405703,22.484242614533905
-1.469209255199578,1.3717214457371227,23.75894309355358
-1.49999999996403,1.3679631422018221,25.038894265129933
-0.6500000000000105,1.5827919981684477,4.874453284491942
-0.6840784018740009,1.574657299899799,5.377147599161455
-0.71818123218959,1.5665289649238272,5.876520070624445
-0.7523063635392452,1.558405400554307,6.3728305110862475
-0.7864518847999206,1.5502852333349222,6.866313851339099
-0.8206160756917238,1.5421672740233558,7.357182822237187
-0.8547973845974903,1.5340504889023645,7.845630341313763
-0.8889944092860278,1.525933977883137,8.331831667923973
-0.9232058799603946,1.5178169523282956,8.815946220394196
-0.9574306445828216,1.5096987208227404,9.29811928162193
-0.9915717703860343,1.4996435307889007,9.740452244977735
-1.025687291119357,1.4891570398842777,10.174879581874777
-1.059793390192541,1.4786009618664848,10.608756008810477
-1.0938901664988783,1.4679823424056486,11.042255362748225
-1.1269356640753894,1.4569059216988958,11.67140339597837
-1.1595751236431757,1.4456395471536423,12.376233660318197
-1.1919695387230915,1.4364989382011302,13.190905985732027
-1.2232172993045953,1.4353455684703538,14.461120346423213
-1.254296766384536,1.4341709758387216,15.763077235809297
-1.2852478314503568,1.4329609256352869,17.088678338733345
-1.3160992684040216,1.4317090278106928,18.432198539127253
-1.3468722198999532,1.4304130519022995,19.78950502907764
-1.377582495274725,1.4290729923923078,21.157557406912122
-1.4082421079480096,1.4276900228236649,22.53408066505775
-1.4388603219759808,1.42626591914459,23.917346635579804
-1.4694443771275543,1.4248027348518184,25.306024806376733
-1.499999999985327,1.423302618547759,26.699078556529532
-0.6500000000000105,1.6062335984786535,5.499562626097428
-0.6842301633971463,1.5984600007306953,5.990390493190625
-0.7184798241147673,1.5906913684146817,6.478560883280103
-0.7527472803812393,1.5829264278143442,6.964281645599451
-0.7870310034586546,1.575164080845797,7.4477407301106915
-0.8213296172829054,1.5674033765857085,7.9291083213960265
-0.8556418807095735,1.5596434881939452,8.40853874597156
-0.8899666721293833,1.5518836965808054,8.88617222277291
-0.92430297585011,1.5441233708591786,9.36213627672131
-0.9586498704043522,1.5363619584537664,9.83654713623547
-0.9929298078252348,1.5270508580731497,10.279085921150244
-1.0271892163748058,1.5173945960289041,10.715300203273276
-1.0614410432583512,1.507682543744908,11.151073755092291
-1.0956853677741984,1.4979203385877713,11.586545652911482
-1.1290886131018754,1.4877917734815034,12.178536489601305
-1.162166978795316,1.4775111270322958,12.831073114376254
-1.194818398520036,1.4696135824711667,13.635591517657048
-1.2256920669086302,1.470649829860194,15.043476334569338
-1.2564311577449097,1.4716690145330076,16.47675517342994
-1.287067584743275,1.4726597481967842,17.92894938258334
-1.317624367513489,1.4736169182570173,19.39547886951484
-1.3481184206388968,1.4745387397851264,20.873037387858265
-1.3785623920291694,1.47542520790972,22.35919261854457
-1.408965892838255,1.4762772608000765,23.85212455234678
-1.4393363347213786,1.4770963187502102,25.350450656625704
-1.4696795098916549,1.4778840239425295,26.853106519199887
-1.500000000006624,1.478642094893696,28.359262847929138
-0.6500000000000105,1.6296751987888594,6.124671967702914
-0.6843819284390792,1.6222627015503828,6.603633387219794
-0.7187784230336026,1.6148537718623557,7.08060169593576
-0.7531882076525775,1.6074474549806863,7.555732780112655
-0.7876101359474073,1.6000429281958266,8.029167608882284
-0.8220431760737635,1.5926394789050824,8.501033820554866
-0.8564863973636127,1.5852364871468605,8.97144715062936
-0.8909389588328275,1.5778334148318116,9.440512777621848
-0.9254000988969534,1.5704297888241794,9.908326333048427
-0.9598691266617048,1.563025195389417,10.374974990849012
-0.9942878799002431,1.5544581844998926,10.817719597322752
-1.0286911808464936,1.5456321511313131,11.255720824671776
-1.0630887403476437,1.5367641243770755,11.693391501374103
-1.0974806181080226,1.5278583333000084,12.130835943074738
-1.1312416224153936,1.5186776231642949,12.68566958322424
-1.164758908323379,1.5093827038887244,13.285912568434311
-1.197667342802207,1.502728223109399,14.080277049582069
-1.2281669128119672,1.505954088507476,15.625832322715464
-1.2585656208814717,1.5091670511858541,17.19043311105058
-1.2888874028668897,1.51235856927335,18.769220426433332
-1.3191495240170328,1.5155248076596792,20.35875919990243
-1.3493646707890294,1.518664426970665,21.956569746638888
-1.3795423296209943,1.5217774229957541,23.56082783017702
-1.4096897093651213,1.524864498541,25.170168439635816
-1.439812369246019,1.527926718253918,26.783554677671606
-1.4699146538962937,1.53096531300836,28.400188232023044
-1.500000000027921,1.5339815712396332,30.019447139328737
-0.6500000000000105,1.653116799099065,6.749781309308401
-0.6845336970522915,1.646065402358694,7.216876281248966
-0.719077029052581,1.6390161752661927,7.682642508591417
-0.753629145515112,1.6319684820518783,8.14718391462586
-0.7881892824850769,1.6249217753824658,8.610594487653877
-0.8227567523418204,1.6178755809775578,9.072959319713705
-0.8573309348973316,1.6108294857555412,9.534355555287156
-0.8919112697960924,1.6037831326286716,9.994853332470786
-0.9264972495644715,1.5967362062136372,10.454516389375542
-0.9610884138841234,1.5896884316176008,10.913402845462553
-0.995645987233863,1.5818655100537093,11.356353273495259
-1.0301931852656174,1.5738697051720731,11.796141446070276
-1.064736482311204,1.5658457037389022,12.235709247655915
-1.099275918482684,1.557796326512926,12.675126233237993
-1.1333946932697698,1.549563470703598,13.192802676847174
-1.1673509138346387,1.541254277657615,13.74075202249237
-1.2005163734767417,1.5358428600338438,14.52496258150709
-1.2306418388976477,1.5412583443462426,16.208188310861587
-1.260700157626425,1.5466650857451496,17.904111048671222
-1.2907072875720578,1.5520573888248819,19.609491470283324
-1.3206747395499154,1.5574326959889429,21.32203953029002
-1.3506109718316501,1.5627901134380104,23.040102105419514
-1.3805223093355512,1.5681296376368317,24.762463041809468
-1.4104135585717799,1.5734517360386713,26.488212326924845
-1.440288426300691,1.578757117652199,28.21665869871751
-1.4701498095459358,1.584046602048416,29.947269944846198
-1.500000000049218,1.58932104758557,31.67963143072834
-0.6500000000000105,1.6765583994092708,7.374890650913886
-0.6846854692893262,1.6698681031554614,7.830119175278137
-0.719375642278162,1.6631785786255346,8.284683321247075
-0.7540700941308219,1.656489509026466,8.738635049139063
-0.7887684432905624,1.6498006224031687,9.192021366425472
-0.8234703463645733,1.643111682799214,9.644884818872544
-0.8581754936485818,1.6364224840144181,10.097263959944954
-0.8928836054190374,1.6297328499639003,10.549193887319722
-0.927594428316313,1.6230426230178923,11.000706445702658
-0.962307732600878,1.6163516671262244,11.451830700076094
-0.9970041304490505,1.6092728347191776,11.894986949667766
-1.031695230363425,1.6021072581317495,12.336562067468776
-1.0663842699999195,1.594927281806301,12.778026993937727
-1.101071269880643,1.587734318197089,13.21941652340125
-1.1355478269190584,1.5804493160557356,13.699935770470109
-1.1699429969366495,1.573125848273648,14.195591476550426
-1.2033654924510313,1.5689574931625072,14.969648113432111
-1.2331168470489922,1.576562597310528,16.790544299007713
-1.262834769812176,1.584163118158777,18.617788986291863
-1.2925272406098913,1.5917562068112703,20.44976251413332
-1.3222000157475788,1.5993405832150684,22.285319860677607
-1.351857325248414,1.606915799166254,24.123634464200137
-1.3815023324583438,1.6144818518193738,25.96409825344191
-1.4111374415015543,1.6220389732853235,27.806256214213878
-1.4407645066364636,1.6295875169415397,29.64976271976341
-1.4703849772451218,1.6371278910618008,31.494351657669355
-1.5000000000705405,1.6446605239315066,33.33981572212794
-0.6500000000000105,1.6999999997194766,7.999999992519372
-0.6848372452026494,1.6936708039405182,8.443362069307307
-0.7196742628168306,1.687340981939725,8.886724133902732
-0.7545110536615849,1.6810105359029943,9.330086183652266
-0.7893476185828128,1.6746794692553886,9.773448245197065
-0.8241839584195699,1.6683477843661305,10.216810318031383
-0.8590200739551634,1.662015481917922,10.660172364602753
-0.8938559661014965,1.6556825668300128,11.103534442168662
-0.9286916356161516,1.6493490392272825,11.546896502029773
-0.9635270833413654,1.643014901903193,11.990258554689635
-0.9983623101687361,1.6366801584808746,12.433620625840275
-1.0331973168712405,1.6303448099909061,12.876982688867276
-1.068032104264729,1.6240088585551817,13.32034474021954
-1.102866673284437,1.6176723083230569,13.763706813564506
-1.1377010246173394,1.611335159177026,14.207068864093046
-1.1725351592370419,1.6049974156714961,14.650430930608485
-1.2062147016326707,1.6020721224133858,15.414333645357132
-1.2355919391495764,1.6118668473343567,17.37290028715384
-1.2649694592714622,1.6216611483746104,19.331466923912508
-1.294347263731807,1.6314550231924005,21.29003355798331
-1.3237253542457692,1.6412484693083125,23.248600191065194
-1.3531037325211286,1.6510414841344843,25.20716682298076
-1.3824824002752067,1.6608340655297977,27.16573346507436
-1.4118613591979976,1.6706262102731892,29.12430010150291
-1.4412406110044818,1.680417916118425,31.08286674080931
-1.4706201573985458,1.6902091800476196,33.04143337049251
-1.5000000000918374,1.7000000002774436,35.00000001352754
